Company Name,Profile URL,Country,Joined On
Two Heavy Pty Ltd,https://unglobalcompact.org/what-is-gc/participants/183402-Two-Heavy-Pty-Ltd,Australia,9-Apr-25
BlueSana Pty Ltd,https://unglobalcompact.org/what-is-gc/participants/183482-BlueSana-Pty-Ltd,Australia,9-Apr-25
Nomi Pty Ltd,https://unglobalcompact.org/what-is-gc/participants/182955-Nomi-Pty-Ltd,Australia,4-Apr-25
Trace Supply Chain Intelligence,https://unglobalcompact.org/what-is-gc/participants/183236-Trace-Supply-Chain-Intelligence,Australia,4-Apr-25
Milestone Chemicals Australia,https://unglobalcompact.org/what-is-gc/participants/180241-Milestone-Chemicals-Australia,Australia,27-Mar-25
ESG Impact partners,https://unglobalcompact.org/what-is-gc/participants/181619-ESG-Impact-partners,Australia,27-Mar-25
SPORT FOR ALL,https://unglobalcompact.org/what-is-gc/participants/182109-SPORT-FOR-ALL,Australia,27-Mar-25
Billard Leece Partnership Pty Ltd,https://unglobalcompact.org/what-is-gc/participants/182385-Billard-Leece-Partnership-Pty-Ltd,Australia,27-Mar-25
Ebbtide Group,https://unglobalcompact.org/what-is-gc/participants/178299-Ebbtide-Group,Australia,12-Mar-25
Device Technologies Australia Pty Ltd,https://unglobalcompact.org/what-is-gc/participants/181338-Device-Technologies-Australia-Pty-Ltd,Australia,12-Mar-25
Climate Logic Pty Ltd,https://unglobalcompact.org/what-is-gc/participants/179539-Climate-Logic-Pty-Ltd,Australia,11-Mar-25
AWEN Packaging Consulting Pty Ltd,https://unglobalcompact.org/what-is-gc/participants/179587-AWEN-Packaging-Consulting-Pty-Ltd,Australia,11-Mar-25
Senversa Pty Ltd,https://unglobalcompact.org/what-is-gc/participants/180329-Senversa-Pty-Ltd,Australia,5-Mar-25
Hames Sharley,https://unglobalcompact.org/what-is-gc/participants/178754-Hames-Sharley,Australia,6-Feb-25
Campus Living Villages,https://unglobalcompact.org/what-is-gc/participants/178797-Campus-Living-Villages,Australia,3-Feb-25
Millennium Services Group Limited,https://unglobalcompact.org/what-is-gc/participants/178794-Millennium-Services-Group-Limited,Australia,31-Jan-25
AIA Australia Limited,https://unglobalcompact.org/what-is-gc/participants/167095-AIA-Australia-Limited,Australia,17-Jan-25
KindSource,https://unglobalcompact.org/what-is-gc/participants/169443-KindSource,Australia,16-Jan-25
3VIMA Pty Ltd,https://unglobalcompact.org/what-is-gc/participants/169471-3VIMA-Pty-Ltd,Australia,16-Jan-25
Data Knowhow,https://unglobalcompact.org/what-is-gc/participants/169706-Data-Knowhow,Australia,16-Jan-25
Talison Lithium Pty Ltd,https://unglobalcompact.org/what-is-gc/participants/169235-Talison-Lithium-Pty-Ltd,Australia,13-Jan-25
Dimeo Cleaning Services Pty Ltd,https://unglobalcompact.org/what-is-gc/participants/168440-Dimeo-Cleaning-Services-Pty-Ltd,Australia,16-Dec-24
Western Sydney University,https://unglobalcompact.org/what-is-gc/participants/168661-Western-Sydney-University,Australia,12-Dec-24
Buzz Products Pty Ltd,https://unglobalcompact.org/what-is-gc/participants/168751-Buzz-Products-Pty-Ltd,Australia,9-Dec-24
Royal Canin Australia Pty Ltd,https://unglobalcompact.org/what-is-gc/participants/168906-Royal-Canin-Australia-Pty-Ltd,Australia,9-Dec-24
Stanton and Stanton (SERVICES) Pty Limited,https://unglobalcompact.org/what-is-gc/participants/168575-Stanton-and-Stanton-SERVICES-Pty-Limited,Australia,27-Nov-24
BioUrban Pty Ltd Trading As Carbon Neutral Advisory,https://unglobalcompact.org/what-is-gc/participants/168371-BioUrban-Pty-Ltd-Trading-As-Carbon-Neutral-Advisory,Australia,21-Nov-24
Culture Collab Pty Ltd,https://unglobalcompact.org/what-is-gc/participants/168079-Culture-Collab-Pty-Ltd,Australia,7-Nov-24
Future Connected,https://unglobalcompact.org/what-is-gc/participants/168247-Future-Connected,Australia,7-Nov-24
Ozi Corporation Pty Ltd,https://unglobalcompact.org/what-is-gc/participants/167953-Ozi-Corporation-Pty-Ltd,Australia,3-Nov-24
Belgravia Health and Leisure Group,https://unglobalcompact.org/what-is-gc/participants/168002-Belgravia-Health-and-Leisure-Group,Australia,3-Nov-24
CircularEco Pty Ltd,https://unglobalcompact.org/what-is-gc/participants/168022-CircularEco-Pty-Ltd,Australia,3-Nov-24
Umwelt (Australia) Pty Ltd,https://unglobalcompact.org/what-is-gc/participants/167945-Umwelt-Australia-Pty-Ltd,Australia,23-Oct-24
Pocketseed Pty Ltd,https://unglobalcompact.org/what-is-gc/participants/167412-Pocketseed-Pty-Ltd,Australia,21-Oct-24
Transmutation Pty Ltd,https://unglobalcompact.org/what-is-gc/participants/161968-Transmutation-Pty-Ltd,Australia,20-Oct-24
Ozone Complete Property Services,https://unglobalcompact.org/what-is-gc/participants/167808-Ozone-Complete-Property-Services,Australia,20-Oct-24
MCi Carbon Pty Ltd,https://unglobalcompact.org/what-is-gc/participants/167710-MCi-Carbon-Pty-Ltd,Australia,15-Oct-24
Impact GPT Pty Ltd,https://unglobalcompact.org/what-is-gc/participants/167260-Impact-GPT-Pty-Ltd,Australia,9-Oct-24
Nisient Pty Ltd,https://unglobalcompact.org/what-is-gc/participants/167101-Nisient-Pty-Ltd,Australia,8-Oct-24
Signaction Australia Pty Ltd,https://unglobalcompact.org/what-is-gc/participants/167289-Signaction-Australia-Pty-Ltd,Australia,8-Oct-24
EC Focus,https://unglobalcompact.org/what-is-gc/participants/167299-EC-Focus,Australia,8-Oct-24
SKG Services Australia PTY LTD,https://unglobalcompact.org/what-is-gc/participants/167487-SKG-Services-Australia-PTY-LTD,Australia,8-Oct-24
The SlaveCheck Foundation,https://unglobalcompact.org/what-is-gc/participants/167194-The-SlaveCheck-Foundation,Australia,7-Oct-24
Quad Services Pty Ltd,https://unglobalcompact.org/what-is-gc/participants/167438-Quad-Services-Pty-Ltd,Australia,7-Oct-24
Sydney Opera House Trust,https://unglobalcompact.org/what-is-gc/participants/167267-Sydney-Opera-House-Trust,Australia,30-Sep-24
Control Risks Group Pty Ltd,https://unglobalcompact.org/what-is-gc/participants/166856-Control-Risks-Group-Pty-Ltd,Australia,20-Sep-24
Right Lane Consulting,https://unglobalcompact.org/what-is-gc/participants/167122-Right-Lane-Consulting,Australia,20-Sep-24
ASIA-PACIFIC COUNCIL FOR INTERNATIONAL INTANGIBLE CULTURAL HERITAGE INCORPORATED,https://unglobalcompact.org/what-is-gc/participants/166920-ASIA-PACIFIC-COUNCIL-FOR-INTERNATIONAL-INTANGIBLE-CULTURAL-HERITAGE-INCORPORATED,Australia,10-Sep-24
15 Times Better Pty Ltd,https://unglobalcompact.org/what-is-gc/participants/166830-15-Times-Better-Pty-Ltd,Australia,9-Sep-24
Homeworker Code Committee t/a Ethical Clothing Australia,https://unglobalcompact.org/what-is-gc/participants/166002-Homeworker-Code-Committee-t-a-Ethical-Clothing-Australia,Australia,6-Sep-24
Praxis Labs Pty Ltd,https://unglobalcompact.org/what-is-gc/participants/166662-Praxis-Labs-Pty-Ltd,Australia,2-Sep-24
RMBL Investments Limited,https://unglobalcompact.org/what-is-gc/participants/166710-RMBL-Investments-Limited,Australia,30-Aug-24
Changebility Pty Ltd,https://unglobalcompact.org/what-is-gc/participants/166607-Changebility-Pty-Ltd,Australia,23-Aug-24
Adaptus Pty Ltd,https://unglobalcompact.org/what-is-gc/participants/166220-Adaptus-Pty-Ltd,Australia,20-Aug-24
TOQQA Global Pty Ltd,https://unglobalcompact.org/what-is-gc/participants/166408-TOQQA-Global-Pty-Ltd,Australia,20-Aug-24
Perspektiv Australia Pty Ltd,https://unglobalcompact.org/what-is-gc/participants/166412-Perspektiv-Australia-Pty-Ltd,Australia,19-Aug-24
BSI GROUP ANZ PTY LIMITED,https://unglobalcompact.org/what-is-gc/participants/166267-BSI-GROUP-ANZ-PTY-LIMITED,Australia,7-Aug-24
Thinkerbell,https://unglobalcompact.org/what-is-gc/participants/166124-Thinkerbell,Australia,2-Aug-24
I Ran The Wrong Way T/As Ndless: The New Normal,https://unglobalcompact.org/what-is-gc/participants/166033-I-Ran-The-Wrong-Way-T-As-Ndless-The-New-Normal,Australia,30-Jul-24
Incite Energy,https://unglobalcompact.org/what-is-gc/participants/166004-Incite-Energy,Australia,25-Jul-24
Jupiter Mines Limited,https://unglobalcompact.org/what-is-gc/participants/161384-Jupiter-Mines-Limited,Australia,16-Jul-24
The University of New South Wales,https://unglobalcompact.org/what-is-gc/participants/164310-The-University-of-New-South-Wales,Australia,16-Jul-24
Australian Bedding Stewardship Council,https://unglobalcompact.org/what-is-gc/participants/164666-Australian-Bedding-Stewardship-Council,Australia,16-Jul-24
Queensland Chamber of Commerce & Industry Limited,https://unglobalcompact.org/what-is-gc/participants/165532-Queensland-Chamber-of-Commerce-Industry-Limited,Australia,16-Jul-24
Hope for Justice,https://unglobalcompact.org/what-is-gc/participants/162969-Hope-for-Justice,Australia,15-Jul-24
Circular Design Thinking,https://unglobalcompact.org/what-is-gc/participants/164690-Circular-Design-Thinking,Australia,15-Jul-24
HUB24 Limited,https://unglobalcompact.org/what-is-gc/participants/165508-HUB24-Limited,Australia,11-Jul-24
Agar Cleaning Systems Pty Ltd,https://unglobalcompact.org/what-is-gc/participants/165060-Agar-Cleaning-Systems-Pty-Ltd,Australia,8-Jul-24
Soho Flordis International Pty Limited,https://unglobalcompact.org/what-is-gc/participants/165063-Soho-Flordis-International-Pty-Limited,Australia,8-Jul-24
Pedders Suspension & Brakes,https://unglobalcompact.org/what-is-gc/participants/165392-Pedders-Suspension-Brakes,Australia,8-Jul-24
Atlantic Tin,https://unglobalcompact.org/what-is-gc/participants/165435-Atlantic-Tin,Australia,8-Jul-24
REGUPOL Australia,https://unglobalcompact.org/what-is-gc/participants/165207-REGUPOL-Australia,Australia,4-Jul-24
Assetlink Services Pty Ltd,https://unglobalcompact.org/what-is-gc/participants/164512-Assetlink-Services-Pty-Ltd,Australia,27-May-24
Howden Insurance Brokers Australia,https://unglobalcompact.org/what-is-gc/participants/164175-Howden-Insurance-Brokers-Australia,Australia,23-May-24
Adelaide Airport Limited,https://unglobalcompact.org/what-is-gc/participants/164346-Adelaide-Airport-Limited,Australia,20-May-24
Pro-Pac Group (Pro-Pac Packaging Limited and its subsidiaries (PPG)),https://unglobalcompact.org/what-is-gc/participants/164172-Pro-Pac-Group-Pro-Pac-Packaging-Limited-and-its-subsidiaries-PPG-,Australia,13-May-24
Angelucci Architects Pty Ltd,https://unglobalcompact.org/what-is-gc/participants/163713-Angelucci-Architects-Pty-Ltd,Australia,7-May-24
Cultural Infusion Int Pty Ltd,https://unglobalcompact.org/what-is-gc/participants/164053-Cultural-Infusion-Int-Pty-Ltd,Australia,6-May-24
Foodbank Australia,https://unglobalcompact.org/what-is-gc/participants/163258-Foodbank-Australia,Australia,2-May-24
Bayton Cleaning Co Pty Ltd,https://unglobalcompact.org/what-is-gc/participants/163964-Bayton-Cleaning-Co-Pty-Ltd,Australia,25-Apr-24
Virgin Australia Airlines Pty Ltd,https://unglobalcompact.org/what-is-gc/participants/163543-Virgin-Australia-Airlines-Pty-Ltd,Australia,23-Apr-24
Organic Systems and Solutions Pty Ltd,https://unglobalcompact.org/what-is-gc/participants/159353-Organic-Systems-and-Solutions-Pty-Ltd,Australia,16-Apr-24
Ames Australasia Pty Ltd,https://unglobalcompact.org/what-is-gc/participants/163662-Ames-Australasia-Pty-Ltd,Australia,16-Apr-24
Atlas Arteria,https://unglobalcompact.org/what-is-gc/participants/163460-Atlas-Arteria,Australia,1-Apr-24
Complete Global Solutions Pty Ltd,https://unglobalcompact.org/what-is-gc/participants/163438-Complete-Global-Solutions-Pty-Ltd,Australia,31-Mar-24
YMCA Aquatic Events and Services,https://unglobalcompact.org/what-is-gc/participants/163215-YMCA-Aquatic-Events-and-Services,Australia,19-Mar-24
Vanity Group,https://unglobalcompact.org/what-is-gc/participants/163086-Vanity-Group,Australia,14-Mar-24
Chemrose Suppliers Pty Ltd,https://unglobalcompact.org/what-is-gc/participants/162810-Chemrose-Suppliers-Pty-Ltd,Australia,23-Feb-24
Officeworks,https://unglobalcompact.org/what-is-gc/participants/149389-Officeworks,Australia,22-Jan-24
Pilbara Minerals,https://unglobalcompact.org/what-is-gc/participants/162127-Pilbara-Minerals,Australia,9-Jan-24
Dashing Group Pty Ltd,https://unglobalcompact.org/what-is-gc/participants/161767-Dashing-Group-Pty-Ltd,Australia,15-Dec-23
Optima Technology Group,https://unglobalcompact.org/what-is-gc/participants/161811-Optima-Technology-Group,Australia,15-Dec-23
Talesca,https://unglobalcompact.org/what-is-gc/participants/161499-Talesca,Australia,4-Dec-23
BAI Communications,https://unglobalcompact.org/what-is-gc/participants/161351-BAI-Communications,Australia,15-Nov-23
Cult Design,https://unglobalcompact.org/what-is-gc/participants/161129-Cult-Design,Australia,14-Nov-23
IMB Bank,https://unglobalcompact.org/what-is-gc/participants/161252-IMB-Bank,Australia,14-Nov-23
Thiess Group Holdings Pty Ltd,https://unglobalcompact.org/what-is-gc/participants/161357-Thiess-Group-Holdings-Pty-Ltd,Australia,14-Nov-23
PEXA,https://unglobalcompact.org/what-is-gc/participants/161144-PEXA,Australia,10-Nov-23
Australian Legal Sector Alliance Limited ACN 149507577,https://unglobalcompact.org/what-is-gc/participants/160398-Australian-Legal-Sector-Alliance-Limited-ACN-149507577,Australia,2-Nov-23
Independent Forester Pty Ltd,https://unglobalcompact.org/what-is-gc/participants/161067-Independent-Forester-Pty-Ltd,Australia,2-Nov-23
Fable Food Pty Ltd,https://unglobalcompact.org/what-is-gc/participants/160827-Fable-Food-Pty-Ltd,Australia,17-Oct-23
givvable Pty Ltd,https://unglobalcompact.org/what-is-gc/participants/160805-givvable-Pty-Ltd,Australia,16-Oct-23
Royal Rehab,https://unglobalcompact.org/what-is-gc/participants/158224-Royal-Rehab,Australia,26-Sep-23
Be Slavery Free,https://unglobalcompact.org/what-is-gc/participants/160268-Be-Slavery-Free,Australia,25-Sep-23
QIC Limited,https://unglobalcompact.org/what-is-gc/participants/160422-QIC-Limited,Australia,25-Sep-23
Your Creative Agency,https://unglobalcompact.org/what-is-gc/participants/160466-Your-Creative-Agency,Australia,25-Sep-23
Informed 365,https://unglobalcompact.org/what-is-gc/participants/160191-Informed-365,Australia,15-Sep-23
CARDIA BIOPLASTICS(AUSTRALIA)PTY LTD,https://unglobalcompact.org/what-is-gc/participants/153763-CARDIA-BIOPLASTICS-AUSTRALIA-PTY-LTD,Australia,10-Sep-23
Healthcare Logic Global Limited,https://unglobalcompact.org/what-is-gc/participants/160092-Healthcare-Logic-Global-Limited,Australia,31-Aug-23
Waste Services Group Pty Ltd,https://unglobalcompact.org/what-is-gc/participants/159997-Waste-Services-Group-Pty-Ltd,Australia,28-Aug-23
DataMesh,https://unglobalcompact.org/what-is-gc/participants/160000-DataMesh,Australia,27-Aug-23
MJ Bale,https://unglobalcompact.org/what-is-gc/participants/160043-MJ-Bale,Australia,27-Aug-23
Bellevue Gold,https://unglobalcompact.org/what-is-gc/participants/159653-Bellevue-Gold,Australia,20-Aug-23
Nottage International Pty Ltd,https://unglobalcompact.org/what-is-gc/participants/159958-Nottage-International-Pty-Ltd,Australia,20-Aug-23
Quayclean Australia Pty Ltd,https://unglobalcompact.org/what-is-gc/participants/159577-Quayclean-Australia-Pty-Ltd,Australia,3-Aug-23
Sikla Oceania Pty Limited,https://unglobalcompact.org/what-is-gc/participants/157944-Sikla-Oceania-Pty-Limited,Australia,31-Jul-23
IGO Limited,https://unglobalcompact.org/what-is-gc/participants/158998-IGO-Limited,Australia,3-Jul-23
Sandfire Resources,https://unglobalcompact.org/what-is-gc/participants/158993-Sandfire-Resources,Australia,28-Jun-23
Stacked Farm,https://unglobalcompact.org/what-is-gc/participants/158747-Stacked-Farm,Australia,26-Jun-23
Conservation Volunteers Australia,https://unglobalcompact.org/what-is-gc/participants/158531-Conservation-Volunteers-Australia,Australia,13-Jun-23
Ithaca Impact,https://unglobalcompact.org/what-is-gc/participants/155234-Ithaca-Impact,Australia,9-Jun-23
Salterbaxter Australia,https://unglobalcompact.org/what-is-gc/participants/158605-Salterbaxter-Australia,Australia,8-Jun-23
Blooms The Chemist Management Services Limited,https://unglobalcompact.org/what-is-gc/participants/158699-Blooms-The-Chemist-Management-Services-Limited,Australia,8-Jun-23
Premix Concrete S.A. Pty Ltd,https://unglobalcompact.org/what-is-gc/participants/158560-Premix-Concrete-S-A-Pty-Ltd,Australia,4-Jun-23
Bendigo and Adelaide Bank,https://unglobalcompact.org/what-is-gc/participants/158211-Bendigo-and-Adelaide-Bank,Australia,26-May-23
UCI Manufacturing,https://unglobalcompact.org/what-is-gc/participants/157691-UCI-Manufacturing,Australia,15-May-23
Solbari,https://unglobalcompact.org/what-is-gc/participants/157649-Solbari,Australia,4-May-23
Plenary Group Holdings Pty Ltd,https://unglobalcompact.org/what-is-gc/participants/157716-Plenary-Group-Holdings-Pty-Ltd,Australia,2-May-23
Platinum Asset Management,https://unglobalcompact.org/what-is-gc/participants/157753-Platinum-Asset-Management,Australia,20-Apr-23
Prime Financial Group,https://unglobalcompact.org/what-is-gc/participants/156892-Prime-Financial-Group,Australia,16-Apr-23
MONEYME,https://unglobalcompact.org/what-is-gc/participants/157274-MONEYME,Australia,16-Apr-23
Office Spectrum,https://unglobalcompact.org/what-is-gc/participants/150825-Office-Spectrum,Australia,6-Apr-23
The Growth Activists,https://unglobalcompact.org/what-is-gc/participants/155205-The-Growth-Activists,Australia,29-Mar-23
ADP Consulting Pty Ltd,https://unglobalcompact.org/what-is-gc/participants/149216-ADP-Consulting-Pty-Ltd,Australia,22-Mar-23
Forwood Enterprises Pty Ltd,https://unglobalcompact.org/what-is-gc/participants/156404-Forwood-Enterprises-Pty-Ltd,Australia,6-Feb-23
Ansell Ltd,https://unglobalcompact.org/what-is-gc/participants/156437-Ansell-Ltd,Australia,6-Feb-23
Snooze Management Pty Ltd,https://unglobalcompact.org/what-is-gc/participants/156053-Snooze-Management-Pty-Ltd,Australia,17-Jan-23
Elemera Pty Ltd,https://unglobalcompact.org/what-is-gc/participants/155939-Elemera-Pty-Ltd,Australia,16-Jan-23
For Blue,https://unglobalcompact.org/what-is-gc/participants/155494-For-Blue,Australia,11-Jan-23
Appen Limited,https://unglobalcompact.org/what-is-gc/participants/155961-Appen-Limited,Australia,10-Jan-23
Codan Limited,https://unglobalcompact.org/what-is-gc/participants/155114-Codan-Limited,Australia,3-Jan-23
Metrics Credit Partners,https://unglobalcompact.org/what-is-gc/participants/155809-Metrics-Credit-Partners,Australia,3-Jan-23
Maxton Fox Furniture Systems Pty Ltd,https://unglobalcompact.org/what-is-gc/participants/155646-Maxton-Fox-Furniture-Systems-Pty-Ltd,Australia,22-Dec-22
Xero,https://unglobalcompact.org/what-is-gc/participants/155614-Xero,Australia,12-Dec-22
Computershare,https://unglobalcompact.org/what-is-gc/participants/155551-Computershare,Australia,7-Dec-22
Cadoux Limited,https://unglobalcompact.org/what-is-gc/participants/154068-Cadoux-Limited,Australia,5-Dec-22
Port of Newcastle,https://unglobalcompact.org/what-is-gc/participants/155182-Port-of-Newcastle,Australia,30-Nov-22
District Australia Pty Ltd,https://unglobalcompact.org/what-is-gc/participants/154696-District-Australia-Pty-Ltd,Australia,17-Nov-22
Australian Strategic Materials Limited,https://unglobalcompact.org/what-is-gc/participants/154693-Australian-Strategic-Materials-Limited,Australia,16-Nov-22
Horizon Communication Group,https://unglobalcompact.org/what-is-gc/participants/154695-Horizon-Communication-Group,Australia,16-Nov-22
Koh Australia,https://unglobalcompact.org/what-is-gc/participants/154297-Koh-Australia,Australia,7-Nov-22
Aura Sports Pty Ltd,https://unglobalcompact.org/what-is-gc/participants/153921-Aura-Sports-Pty-Ltd,Australia,21-Oct-22
BESIX Watpac,https://unglobalcompact.org/what-is-gc/participants/153511-BESIX-Watpac,Australia,29-Sep-22
Herbert Smith Freehills,https://unglobalcompact.org/what-is-gc/participants/154352-Herbert-Smith-Freehills,Australia,29-Sep-22
HMC Capital Limited,https://unglobalcompact.org/what-is-gc/participants/153663-HMC-Capital-Limited,Australia,6-Sep-22
Cobram Estate Olives Limited,https://unglobalcompact.org/what-is-gc/participants/153681-Cobram-Estate-Olives-Limited,Australia,6-Sep-22
PwC Australia,https://unglobalcompact.org/what-is-gc/participants/153762-PwC-Australia,Australia,6-Sep-22
Factors Group Australia,https://unglobalcompact.org/what-is-gc/participants/149814-Factors-Group-Australia,Australia,25-Aug-22
Incitec Pivot Limited,https://unglobalcompact.org/what-is-gc/participants/153606-Incitec-Pivot-Limited,Australia,25-Aug-22
AJE WHOLESALING PTY LTD,https://unglobalcompact.org/what-is-gc/participants/153042-AJE-WHOLESALING-PTY-LTD,Australia,16-Aug-22
Australian Finance Group Ltd,https://unglobalcompact.org/what-is-gc/participants/152637-Australian-Finance-Group-Ltd,Australia,21-Jul-22
Delorean Corporation Ltd,https://unglobalcompact.org/what-is-gc/participants/153207-Delorean-Corporation-Ltd,Australia,20-Jul-22
Resolute Mining,https://unglobalcompact.org/what-is-gc/participants/153213-Resolute-Mining,Australia,20-Jul-22
Tabcorp Holdings Limited,https://unglobalcompact.org/what-is-gc/participants/152785-Tabcorp-Holdings-Limited,Australia,12-Jul-22
AirTrunk,https://unglobalcompact.org/what-is-gc/participants/152892-AirTrunk,Australia,12-Jul-22
Pinnacle Investment Management Group Limited,https://unglobalcompact.org/what-is-gc/participants/152968-Pinnacle-Investment-Management-Group-Limited,Australia,6-Jul-22
Virtusa Consulting & Services Pty Ltd,https://unglobalcompact.org/what-is-gc/participants/151829-Virtusa-Consulting-Services-Pty-Ltd,Australia,4-Jul-22
Humanihut Pty Ltd,https://unglobalcompact.org/what-is-gc/participants/152588-Humanihut-Pty-Ltd,Australia,21-Jun-22
Queensland Country Bank,https://unglobalcompact.org/what-is-gc/participants/152336-Queensland-Country-Bank,Australia,7-Jun-22
Cochlear Limited,https://unglobalcompact.org/what-is-gc/participants/152379-Cochlear-Limited,Australia,7-Jun-22
4 Elements Consulting,https://unglobalcompact.org/what-is-gc/participants/152380-4-Elements-Consulting,Australia,7-Jun-22
Mitsubishi Electric Australia Pty Limited,https://unglobalcompact.org/what-is-gc/participants/151962-Mitsubishi-Electric-Australia-Pty-Limited,Australia,10-May-22
coNEXA Infrastructure Partners,https://unglobalcompact.org/what-is-gc/participants/151852-coNEXA-Infrastructure-Partners,Australia,4-May-22
Lander & Rogers,https://unglobalcompact.org/what-is-gc/participants/151495-Lander-Rogers,Australia,3-May-22
Royal Automobile Association of South Australia Incorporated,https://unglobalcompact.org/what-is-gc/participants/151827-Royal-Automobile-Association-of-South-Australia-Incorporated,Australia,3-May-22
Adamantem Capital Holdings Pty Ltd,https://unglobalcompact.org/what-is-gc/participants/151096-Adamantem-Capital-Holdings-Pty-Ltd,Australia,28-Mar-22
Far East Gold Ltd (ACN 639887219),https://unglobalcompact.org/what-is-gc/participants/149970-Far-East-Gold-Ltd-ACN-639887219-,Australia,15-Mar-22
Hall & Wilcox,https://unglobalcompact.org/what-is-gc/participants/150657-Hall-Wilcox,Australia,1-Mar-22
Duxton Capital Australia,https://unglobalcompact.org/what-is-gc/participants/150293-Duxton-Capital-Australia,Australia,21-Feb-22
Vulcan Energy Resources Limited,https://unglobalcompact.org/what-is-gc/participants/150266-Vulcan-Energy-Resources-Limited,Australia,6-Feb-22
Hastings Technology Metals Limited,https://unglobalcompact.org/what-is-gc/participants/149774-Hastings-Technology-Metals-Limited,Australia,24-Jan-22
Gold Road Resources Limited,https://unglobalcompact.org/what-is-gc/participants/150092-Gold-Road-Resources-Limited,Australia,24-Jan-22
Deterra Royalties,https://unglobalcompact.org/what-is-gc/participants/147676-Deterra-Royalties,Australia,10-Jan-22
BlueScope Steel Limited,https://unglobalcompact.org/what-is-gc/participants/149548-BlueScope-Steel-Limited,Australia,21-Dec-21
Pangolin Associates Pty Ltd,https://unglobalcompact.org/what-is-gc/participants/149412-Pangolin-Associates-Pty-Ltd,Australia,20-Dec-21
Quantum Library Supplies (Queensland Library Supplies Pty Ltd),https://unglobalcompact.org/what-is-gc/participants/149010-Quantum-Library-Supplies-Queensland-Library-Supplies-Pty-Ltd-,Australia,6-Dec-21
Ego Pharmaceuticals Pty Ltd,https://unglobalcompact.org/what-is-gc/participants/149217-Ego-Pharmaceuticals-Pty-Ltd,Australia,28-Nov-21
Pella Funds Management,https://unglobalcompact.org/what-is-gc/participants/149106-Pella-Funds-Management,Australia,22-Nov-21
Lion Pty Ltd,https://unglobalcompact.org/what-is-gc/participants/148961-Lion-Pty-Ltd,Australia,15-Nov-21
Sea Forest Limited,https://unglobalcompact.org/what-is-gc/participants/148957-Sea-Forest-Limited,Australia,9-Nov-21
Sims Limited,https://unglobalcompact.org/what-is-gc/participants/148745-Sims-Limited,Australia,25-Oct-21
Marsden Jacob Associates,https://unglobalcompact.org/what-is-gc/participants/148563-Marsden-Jacob-Associates,Australia,19-Oct-21
Young Henrys Brewery,https://unglobalcompact.org/what-is-gc/participants/148545-Young-Henrys-Brewery,Australia,11-Oct-21
Hall Contracting Pty Ltd,https://unglobalcompact.org/what-is-gc/participants/148387-Hall-Contracting-Pty-Ltd,Australia,5-Oct-21
APA Group,https://unglobalcompact.org/what-is-gc/participants/148436-APA-Group,Australia,1-Oct-21
Tassal Group,https://unglobalcompact.org/what-is-gc/participants/148241-Tassal-Group,Australia,22-Sep-21
IQ Energy Australia,https://unglobalcompact.org/what-is-gc/participants/147937-IQ-Energy-Australia,Australia,16-Sep-21
Buildcorp Group Pty Ltd,https://unglobalcompact.org/what-is-gc/participants/148082-Buildcorp-Group-Pty-Ltd,Australia,15-Sep-21
Sydney Water,https://unglobalcompact.org/what-is-gc/participants/147941-Sydney-Water,Australia,8-Sep-21
Solo Services Group,https://unglobalcompact.org/what-is-gc/participants/147840-Solo-Services-Group,Australia,2-Sep-21
Zenviron Pty Ltd,https://unglobalcompact.org/what-is-gc/participants/147511-Zenviron-Pty-Ltd,Australia,9-Aug-21
Joyce Foam Pty Ltd,https://unglobalcompact.org/what-is-gc/participants/147536-Joyce-Foam-Pty-Ltd,Australia,9-Aug-21
Tindo Solar,https://unglobalcompact.org/what-is-gc/participants/147490-Tindo-Solar,Australia,4-Aug-21
Endeavour Group Limited,https://unglobalcompact.org/what-is-gc/participants/147147-Endeavour-Group-Limited,Australia,13-Jul-21
Flinders Port Holdings,https://unglobalcompact.org/what-is-gc/participants/146976-Flinders-Port-Holdings,Australia,8-Jul-21
Blackstone Minerals,https://unglobalcompact.org/what-is-gc/participants/146879-Blackstone-Minerals,Australia,1-Jul-21
Cowell Clarke Pty Ltd,https://unglobalcompact.org/what-is-gc/participants/146743-Cowell-Clarke-Pty-Ltd,Australia,22-Jun-21
Abax Kingfisher Pty Ltd,https://unglobalcompact.org/what-is-gc/participants/146377-Abax-Kingfisher-Pty-Ltd,Australia,10-Jun-21
Great Southern Bank,https://unglobalcompact.org/what-is-gc/participants/146420-Great-Southern-Bank,Australia,8-Jun-21
Planex Sales Pty Ltd,https://unglobalcompact.org/what-is-gc/participants/146300-Planex-Sales-Pty-Ltd,Australia,4-Jun-21
Allianz Australia Limited,https://unglobalcompact.org/what-is-gc/participants/146245-Allianz-Australia-Limited,Australia,2-Jun-21
Community Services.net Pty Ltd,https://unglobalcompact.org/what-is-gc/participants/146215-Community-Services-net-Pty-Ltd,Australia,31-May-21
Anglo American Metallurgical Coal Pty Ltd (Anglo American Australia),https://unglobalcompact.org/what-is-gc/participants/146021-Anglo-American-Metallurgical-Coal-Pty-Ltd,Australia,27-May-21
TechForce Services,https://unglobalcompact.org/what-is-gc/participants/146024-TechForce-Services,Australia,19-May-21
Arafura Resources Limited,https://unglobalcompact.org/what-is-gc/participants/145940-Arafura-Resources-Limited,Australia,17-May-21
New Forests Pty Ltd,https://unglobalcompact.org/what-is-gc/participants/145956-New-Forests-Pty-Ltd,Australia,17-May-21
RapidClean,https://unglobalcompact.org/what-is-gc/participants/145802-RapidClean,Australia,7-May-21
Better Sydney,https://unglobalcompact.org/what-is-gc/participants/145772-Better-Sydney,Australia,5-May-21
SolarBuddy,https://unglobalcompact.org/what-is-gc/participants/139125-SolarBuddy,Australia,28-Apr-21
SG Fleet Group Limited,https://unglobalcompact.org/what-is-gc/participants/145459-SG-Fleet-Group-Limited,Australia,19-Apr-21
Steensen Varming,https://unglobalcompact.org/what-is-gc/participants/145060-Steensen-Varming,Australia,29-Mar-21
TRu Brands Pty Ltd,https://unglobalcompact.org/what-is-gc/participants/144841-TRu-Brands-Pty-Ltd,Australia,15-Mar-21
Vicinity Centres,https://unglobalcompact.org/what-is-gc/participants/144920-Vicinity-Centres,Australia,15-Mar-21
Tonkin,https://unglobalcompact.org/what-is-gc/participants/144560-Tonkin,Australia,8-Mar-21
Krost Business Furniture,https://unglobalcompact.org/what-is-gc/participants/144658-Krost-Business-Furniture,Australia,8-Mar-21
Evolution Mining Limited,https://unglobalcompact.org/what-is-gc/participants/144562-Evolution-Mining-Limited,Australia,19-Feb-21
The Star Entertainment Group,https://unglobalcompact.org/what-is-gc/participants/144534-The-Star-Entertainment-Group,Australia,17-Feb-21
Edge Impact,https://unglobalcompact.org/what-is-gc/participants/143911-Edge-Impact,Australia,9-Feb-21
Princess Polly Online Pty Ltd,https://unglobalcompact.org/what-is-gc/participants/143236-Princess-Polly-Online-Pty-Ltd,Australia,2-Feb-21
Blackwoods,https://unglobalcompact.org/what-is-gc/participants/143203-Blackwoods,Australia,1-Feb-21
FTI Consulting (Australia) Pty Limited,https://unglobalcompact.org/what-is-gc/participants/143022-FTI-Consulting-Australia-Pty-Limited,Australia,28-Jan-21
Ramsay Health Care,https://unglobalcompact.org/what-is-gc/participants/142765-Ramsay-Health-Care,Australia,6-Jan-21
BIC Consolidated,https://unglobalcompact.org/what-is-gc/participants/142686-BIC-Consolidated,Australia,15-Dec-20
Mineral Resources Limited,https://unglobalcompact.org/what-is-gc/participants/142609-Mineral-Resources-Limited,Australia,8-Dec-20
HOBAN Recruitment Pty Ltd,https://unglobalcompact.org/what-is-gc/participants/142471-HOBAN-Recruitment-Pty-Ltd,Australia,7-Dec-20
Pillar Two Pty Ltd,https://unglobalcompact.org/what-is-gc/participants/141550-Pillar-Two-Pty-Ltd,Australia,24-Nov-20
L’Oréal Australia,https://unglobalcompact.org/what-is-gc/participants/142243-L-Or-al-Australia,Australia,15-Nov-20
Calix Limited,https://unglobalcompact.org/what-is-gc/participants/142168-Calix-Limited,Australia,10-Nov-20
Zimmermann,https://unglobalcompact.org/what-is-gc/participants/141883-Zimmermann,Australia,28-Oct-20
Piping Hot Australia Pty Ltd,https://unglobalcompact.org/what-is-gc/participants/141819-Piping-Hot-Australia-Pty-Ltd,Australia,27-Oct-20
Glad Group Pty Ltd,https://unglobalcompact.org/what-is-gc/participants/141594-Glad-Group-Pty-Ltd,Australia,8-Oct-20
Private Brands Pty Ltd,https://unglobalcompact.org/what-is-gc/participants/141450-Private-Brands-Pty-Ltd,Australia,29-Sep-20
QBE Insurance Group,https://unglobalcompact.org/what-is-gc/participants/141331-QBE-Insurance-Group,Australia,17-Sep-20
Neometals Ltd,https://unglobalcompact.org/what-is-gc/participants/140996-Neometals-Ltd,Australia,2-Sep-20
Thankyou Group Pty Ltd,https://unglobalcompact.org/what-is-gc/participants/141051-Thankyou-Group-Pty-Ltd,Australia,1-Sep-20
Australian Council of Superannuation Investors,https://unglobalcompact.org/what-is-gc/participants/140805-Australian-Council-of-Superannuation-Investors,Australia,11-Aug-20
Motion Energy Holdings Pty Ltd,https://unglobalcompact.org/what-is-gc/participants/140078-Motion-Energy-Holdings-Pty-Ltd,Australia,6-Jul-20
Colorspan Industries,https://unglobalcompact.org/what-is-gc/participants/140245-Colorspan-Industries,Australia,26-Jun-20
Nestle Australia Ltd,https://unglobalcompact.org/what-is-gc/participants/140198-Nestle-Australia-Ltd,Australia,15-Jun-20
Bunnings Group Limited,https://unglobalcompact.org/what-is-gc/participants/139657-Bunnings-Group-Limited,Australia,2-Jun-20
Rio Tinto Limited,https://unglobalcompact.org/what-is-gc/participants/139552-Rio-Tinto-Limited,Australia,1-Jun-20
IKEA Pty Ltd,https://unglobalcompact.org/what-is-gc/participants/139770-IKEA-Pty-Ltd,Australia,14-May-20
KFive Pty Ltd,https://unglobalcompact.org/what-is-gc/participants/139618-KFive-Pty-Ltd,Australia,30-Apr-20
Iberdrola Australia,https://unglobalcompact.org/what-is-gc/participants/139680-Iberdrola-Australia,Australia,30-Apr-20
Palladium Group Holdings Pty Ltd,https://unglobalcompact.org/what-is-gc/participants/139447-Palladium-Group-Holdings-Pty-Ltd,Australia,20-Apr-20
Country Road Group Pty Ltd,https://unglobalcompact.org/what-is-gc/participants/139302-Country-Road-Group-Pty-Ltd,Australia,31-Mar-20
KPMG Australia,https://unglobalcompact.org/what-is-gc/participants/139339-KPMG-Australia,Australia,20-Mar-20
Accenture Australia Pty Ltd,https://unglobalcompact.org/what-is-gc/participants/139267-Accenture-Australia-Pty-Ltd,Australia,13-Mar-20
"Ernst & Young, Australia",https://unglobalcompact.org/what-is-gc/participants/139270-Ernst-Young-Australia,Australia,12-Mar-20
Clifford Chance Australia,https://unglobalcompact.org/what-is-gc/participants/138818-Clifford-Chance-Australia,Australia,27-Feb-20
Bapcor Ltd,https://unglobalcompact.org/what-is-gc/participants/139022-Bapcor-Ltd,Australia,24-Feb-20
Aurecon,https://unglobalcompact.org/what-is-gc/participants/138532-Aurecon,Australia,15-Jan-20
Glencore Investment Pty Limited,https://unglobalcompact.org/what-is-gc/participants/138334-Glencore-Investment-Pty-Limited,Australia,19-Dec-19
Deloitte Australia,https://unglobalcompact.org/what-is-gc/participants/138260-Deloitte-Australia,Australia,16-Dec-19
FUJIFILM Business Innovation Australia Pty Ltd,https://unglobalcompact.org/what-is-gc/participants/138262-FUJIFILM-Business-Innovation-Australia-Pty-Ltd,Australia,16-Dec-19
Singtel Optus Pty Limited,https://unglobalcompact.org/what-is-gc/participants/138226-Singtel-Optus-Pty-Limited,Australia,12-Dec-19
Resolution Capital Limited,https://unglobalcompact.org/what-is-gc/participants/137958-Resolution-Capital-Limited,Australia,18-Nov-19
Carbon Creative,https://unglobalcompact.org/what-is-gc/participants/137679-Carbon-Creative,Australia,25-Oct-19
Home in Place,https://unglobalcompact.org/what-is-gc/participants/135970-Home-in-Place,Australia,10-Oct-19
The University of Technology Sydney,https://unglobalcompact.org/what-is-gc/participants/137003-The-University-of-Technology-Sydney,Australia,25-Sep-19
City of Newcastle,https://unglobalcompact.org/what-is-gc/participants/137199-City-of-Newcastle,Australia,9-Sep-19
SOUTH32 Limited,https://unglobalcompact.org/what-is-gc/participants/136830-SOUTH32-Limited,Australia,29-Jul-19
Davenport Campbell & Partners Pty Ltd,https://unglobalcompact.org/what-is-gc/participants/136663-Davenport-Campbell-Partners-Pty-Ltd,Australia,12-Jul-19
Suncorp Group,https://unglobalcompact.org/what-is-gc/participants/136377-Suncorp-Group,Australia,26-Jun-19
Coles Group,https://unglobalcompact.org/what-is-gc/participants/136296-Coles-Group,Australia,10-Jun-19
Infrastructure Advisory Group Pty Ltd,https://unglobalcompact.org/what-is-gc/participants/136228-Infrastructure-Advisory-Group-Pty-Ltd,Australia,31-May-19
Lynas Rare Earths,https://unglobalcompact.org/what-is-gc/participants/135821-Lynas-Rare-Earths,Australia,29-Apr-19
Super Retail Group,https://unglobalcompact.org/what-is-gc/participants/135855-Super-Retail-Group,Australia,23-Apr-19
South Australia Water Corporation (SA Water),https://unglobalcompact.org/what-is-gc/participants/135804-South-Australia-Water-Corporation,Australia,18-Apr-19
Talent Nation,https://unglobalcompact.org/what-is-gc/participants/135710-Talent-Nation,Australia,13-Apr-19
Aspen Medical,https://unglobalcompact.org/what-is-gc/participants/135482-Aspen-Medical,Australia,14-Mar-19
Charter Hall Holdings,https://unglobalcompact.org/what-is-gc/participants/135298-Charter-Hall-Holdings,Australia,8-Mar-19
Think Impact,https://unglobalcompact.org/what-is-gc/participants/135115-Think-Impact,Australia,7-Mar-19
RGS Events,https://unglobalcompact.org/what-is-gc/participants/135307-RGS-Events,Australia,7-Mar-19
Landcom,https://unglobalcompact.org/what-is-gc/participants/135114-Landcom,Australia,15-Feb-19
Mirvac,https://unglobalcompact.org/what-is-gc/participants/134582-Mirvac,Australia,12-Dec-18
thinkstep Ltd,https://unglobalcompact.org/what-is-gc/participants/134564-thinkstep-Ltd,Australia,10-Dec-18
Adara Group,https://unglobalcompact.org/what-is-gc/participants/134415-Adara-Group,Australia,26-Nov-18
Corrs Chambers Westgarth,https://unglobalcompact.org/what-is-gc/participants/134226-Corrs-Chambers-Westgarth,Australia,7-Nov-18
ERM Australia,https://unglobalcompact.org/what-is-gc/participants/134029-ERM-Australia,Australia,23-Oct-18
Oceanagold Corporation,https://unglobalcompact.org/what-is-gc/participants/133394-Oceanagold-Corporation,Australia,13-Aug-18
Orica,https://unglobalcompact.org/what-is-gc/participants/132559-Orica,Australia,21-May-18
SunRice (listed as RiceGrowers Limited),https://unglobalcompact.org/what-is-gc/participants/126461-SunRice-listed-as-RiceGrowers-Limited-,Australia,14-Apr-18
DT Global Asia Pacific Pty Ltd.,https://unglobalcompact.org/what-is-gc/participants/130861-DT-Global-Asia-Pacific-Pty-Ltd-,Australia,9-Feb-18
Winya Indigenous Furniture,https://unglobalcompact.org/what-is-gc/participants/127181-Winya-Indigenous-Furniture,Australia,20-Dec-17
Stylecraft,https://unglobalcompact.org/what-is-gc/participants/125521-Stylecraft,Australia,20-Nov-17
Mister Zimi,https://unglobalcompact.org/what-is-gc/participants/124981-Mister-Zimi,Australia,16-Nov-17
The University of Sydney,https://unglobalcompact.org/what-is-gc/participants/121731-The-University-of-Sydney,Australia,28-Sep-17
Futurity Investment Group Limited,https://unglobalcompact.org/what-is-gc/participants/120021-Futurity-Investment-Group-Limited,Australia,5-Sep-17
Sydney Airport,https://unglobalcompact.org/what-is-gc/participants/119751-Sydney-Airport,Australia,31-Aug-17
Walk Free,https://unglobalcompact.org/what-is-gc/participants/108581-Walk-Free,Australia,18-Apr-17
McConnell Dowell Constructors,https://unglobalcompact.org/what-is-gc/participants/109091-McConnell-Dowell-Constructors,Australia,6-Apr-17
Qantas Airways,https://unglobalcompact.org/what-is-gc/participants/106291-Qantas-Airways,Australia,27-Feb-17
Flight Centre Travel Group,https://unglobalcompact.org/what-is-gc/participants/105081-Flight-Centre-Travel-Group,Australia,20-Feb-17
Xpansiv Limited,https://unglobalcompact.org/what-is-gc/participants/105771-Xpansiv-Limited,Australia,20-Feb-17
Shine Solutions Group Pty Ltd,https://unglobalcompact.org/what-is-gc/participants/102171-Shine-Solutions-Group-Pty-Ltd,Australia,19-Dec-16
AGL Energy Limited,https://unglobalcompact.org/what-is-gc/participants/96751-AGL-Energy-Limited,Australia,19-Oct-16
Currie Communications,https://unglobalcompact.org/what-is-gc/participants/95531-Currie-Communications,Australia,3-Oct-16
Good Environmental Choice Australia (GECA),https://unglobalcompact.org/what-is-gc/participants/92521-Good-Environmental-Choice-Australia-GECA-,Australia,29-Aug-16
Elliott Insurance Brokers,https://unglobalcompact.org/what-is-gc/participants/92681-Elliott-Insurance-Brokers,Australia,29-Aug-16
The University of Western Australia,https://unglobalcompact.org/what-is-gc/participants/90941-The-University-of-Western-Australia,Australia,1-Aug-16
Law Council of Australia,https://unglobalcompact.org/what-is-gc/participants/86581-Law-Council-of-Australia,Australia,7-Jun-16
Melbourne Water,https://unglobalcompact.org/what-is-gc/participants/86471-Melbourne-Water,Australia,3-Jun-16
Orora Limited,https://unglobalcompact.org/what-is-gc/participants/82741-Orora-Limited,Australia,25-Apr-16
ThinkingWorks,https://unglobalcompact.org/what-is-gc/participants/80511-ThinkingWorks,Australia,29-Mar-16
Australian Volunteers International (AVI),https://unglobalcompact.org/what-is-gc/participants/71741-Australian-Volunteers-International-AVI-,Australia,4-Dec-15
Pixel Perfect Pty Ltd trading as CourtHeath Consulting,https://unglobalcompact.org/what-is-gc/participants/69931-Pixel-Perfect-Pty-Ltd-trading-as-CourtHeath-Consulting,Australia,13-Nov-15
Preston Rowe Paterson Australasia Pty Ltd,https://unglobalcompact.org/what-is-gc/participants/68541-Preston-Rowe-Paterson-Australasia-Pty-Ltd,Australia,29-Oct-15
Institute for Economics and Peace,https://unglobalcompact.org/what-is-gc/participants/66591-Institute-for-Economics-and-Peace,Australia,1-Oct-15
3Bridges Community,https://unglobalcompact.org/what-is-gc/participants/58911-3Bridges-Community,Australia,2-Jun-15
Yarra Valley Water,https://unglobalcompact.org/what-is-gc/participants/57451-Yarra-Valley-Water,Australia,7-May-15
Stockland,https://unglobalcompact.org/what-is-gc/participants/57921-Stockland,Australia,7-May-15
Wesfarmers Limited,https://unglobalcompact.org/what-is-gc/participants/56331-Wesfarmers-Limited,Australia,22-Apr-15
MTi Group Pty Ltd,https://unglobalcompact.org/what-is-gc/participants/49311-MTi-Group-Pty-Ltd,Australia,24-Dec-14
Sorbent Paper Company,https://unglobalcompact.org/what-is-gc/participants/43391-Sorbent-Paper-Company,Australia,23-Sep-14
Visy,https://unglobalcompact.org/what-is-gc/participants/41381-Visy,Australia,27-Aug-14
Lendlease,https://unglobalcompact.org/what-is-gc/participants/35591-Lendlease,Australia,17-Apr-14
Schiavello International Pty Ltd,https://unglobalcompact.org/what-is-gc/participants/30631-Schiavello-International-Pty-Ltd,Australia,22-Jan-14
WaterAid,https://unglobalcompact.org/what-is-gc/participants/25911-WaterAid,Australia,1-Nov-13
Print Media Group,https://unglobalcompact.org/what-is-gc/participants/25181-Print-Media-Group,Australia,24-Oct-13
Swags for Homeless Ltd trading as Backpack Bed for Homeless,https://unglobalcompact.org/what-is-gc/participants/21031-Swags-for-Homeless-Ltd-trading-as-Backpack-Bed-for-Homeless,Australia,8-Aug-13
Brambles Limited,https://unglobalcompact.org/what-is-gc/participants/19414-Brambles-Limited,Australia,6-Jun-13
Fortescue Ltd,https://unglobalcompact.org/what-is-gc/participants/19138-Fortescue-Ltd,Australia,19-Apr-13
Paper Force,https://unglobalcompact.org/what-is-gc/participants/19031-Paper-Force,Australia,3-Apr-13
Law In Order,https://unglobalcompact.org/what-is-gc/participants/17049-Law-In-Order,Australia,24-May-12
Deakin University,https://unglobalcompact.org/what-is-gc/participants/16949-Deakin-University,Australia,9-May-12
Worley Services Pty Ltd,https://unglobalcompact.org/what-is-gc/participants/16955-Worley-Services-Pty-Ltd,Australia,4-May-12
The GPT Group,https://unglobalcompact.org/what-is-gc/participants/16238-The-GPT-Group,Australia,7-Feb-12
Telstra Corporation,https://unglobalcompact.org/what-is-gc/participants/15738-Telstra-Corporation,Australia,7-Dec-11
Treasury Wine Estates,https://unglobalcompact.org/what-is-gc/participants/14757-Treasury-Wine-Estates,Australia,8-Sep-11
Transparency International Australia,https://unglobalcompact.org/what-is-gc/participants/13677-Transparency-International-Australia,Australia,25-Apr-11
National Australia Bank,https://unglobalcompact.org/what-is-gc/participants/13602-National-Australia-Bank,Australia,7-Apr-11
Diversity Council Australia,https://unglobalcompact.org/what-is-gc/participants/13450-Diversity-Council-Australia,Australia,21-Mar-11
Chartered Accountants ANZ (The Institute of Chartered Accountants in Australia),https://unglobalcompact.org/what-is-gc/participants/13277-Chartered-Accountants-ANZ-The-Institute-of-Chartered-Accountants-in-Australia-,Australia,22-Feb-11
GPC Electronics,https://unglobalcompact.org/what-is-gc/participants/12941-GPC-Electronics,Australia,29-Dec-10
La Trobe University,https://unglobalcompact.org/what-is-gc/participants/12123-La-Trobe-University,Australia,27-Jul-10
Australian Postal Corporation,https://unglobalcompact.org/what-is-gc/participants/12003-Australian-Postal-Corporation,Australia,22-Jul-10
Pacific Blue Australia,https://unglobalcompact.org/what-is-gc/participants/11989-Pacific-Blue-Australia,Australia,6-Jul-10
ANZ Group Holdings Limited,https://unglobalcompact.org/what-is-gc/participants/11719-ANZ-Group-Holdings-Limited,Australia,25-May-10
SMEC Holdings,https://unglobalcompact.org/what-is-gc/participants/11490-SMEC-Holdings,Australia,14-Apr-10
Griffith University,https://unglobalcompact.org/what-is-gc/participants/11463-Griffith-University,Australia,5-Apr-10
GHD Pty Ltd,https://unglobalcompact.org/what-is-gc/participants/11287-GHD-Pty-Ltd,Australia,5-Mar-10
Hassell Studio,https://unglobalcompact.org/what-is-gc/participants/4770-Hassell-Studio,Australia,17-Dec-09
Transurban Group,https://unglobalcompact.org/what-is-gc/participants/9505-Transurban-Group,Australia,6-Oct-09
Streamline Cartons Pty Ltd,https://unglobalcompact.org/what-is-gc/participants/8830-Streamline-Cartons-Pty-Ltd,Australia,14-Sep-09
Bowden Printing Pty Ltd,https://unglobalcompact.org/what-is-gc/participants/1425-Bowden-Printing-Pty-Ltd,Australia,21-Jul-09
CPA Australia,https://unglobalcompact.org/what-is-gc/participants/2623-CPA-Australia,Australia,14-Jul-09
Commonwealth Bank of Australia,https://unglobalcompact.org/what-is-gc/participants/2349-Commonwealth-Bank-of-Australia,Australia,13-Jul-09
Woolworths Group Limited,https://unglobalcompact.org/what-is-gc/participants/10148-Woolworths-Group-Limited,Australia,28-Apr-09
Intrepid Travel,https://unglobalcompact.org/what-is-gc/participants/5474-Intrepid-Travel,Australia,16-Dec-08
Pact Group,https://unglobalcompact.org/what-is-gc/participants/9997-Pact-Group,Australia,7-Feb-07
RMIT University,https://unglobalcompact.org/what-is-gc/participants/8028-RMIT-University,Australia,17-Sep-03
BHP Group Limited,https://unglobalcompact.org/what-is-gc/participants/1306-BHP-Group-Limited,Australia,21-Jul-03
Monash University,https://unglobalcompact.org/what-is-gc/participants/6667-Monash-University,Australia,21-May-03
University of Melbourne,https://unglobalcompact.org/what-is-gc/participants/9837-University-of-Melbourne,Australia,21-May-03
Westpac Banking Corporation,https://unglobalcompact.org/what-is-gc/participants/10100-Westpac-Banking-Corporation,Australia,30-Jan-02
Allens,https://unglobalcompact.org/what-is-gc/participants/485-Allens,Australia,3-Oct-01
