Organization,Country,SDG Goal,SDG Question,Answer Options,SDG Goal ID,SDG Ques ID,Industry
ABC (abc-cdn),AU,"Goal 7. Ensure access to affordable, reliable, sustainable and modern energy for all","In your organization, what percentage of annual energy usage is derived from renewable energy (clean fuels and technology)?",1. I don't know. 2. < 10%. 3. 10% - 19%. 4. 20% - 29%. 5. 30% - 39%. 6. > 39%.,S002,Q002,Information Media And Telecommunications
AGL Energy (agl),AU,"Goal 7. Ensure access to affordable, reliable, sustainable and modern energy for all","In your organization, what percentage of annual energy usage is derived from renewable energy (clean fuels and technology)?",1. I don't know. 2. < 10%. 3. 10% - 19%. 4. 20% - 29%. 5. 30% - 39%. 6. > 39%.,S002,Q002,Electricity Gas Water And Waste Services
Aboriginal Medical Service Cooperative Limited (AMSRedfern),AU,"Goal 7. Ensure access to affordable, reliable, sustainable and modern energy for all","In your organization, what percentage of annual energy usage is derived from renewable energy (clean fuels and technology)?",1. I don't know. 2. < 10%. 3. 10% - 19%. 4. 20% - 29%. 5. 30% - 39%. 6. > 39%.,S002,Q002,Health Care And Social Assistance
ActewAGL (iconwater),AU,"Goal 7. Ensure access to affordable, reliable, sustainable and modern energy for all","In your organization, what percentage of annual energy usage is derived from renewable energy (clean fuels and technology)?",1. I don't know. 2. < 10%. 3. 10% - 19%. 4. 20% - 29%. 5. 30% - 39%. 6. > 39%.,S002,Q002,Electricity Gas Water And Waste Services
Anglo American Australia (angloamerican),AU,"Goal 7. Ensure access to affordable, reliable, sustainable and modern energy for all","In your organization, what percentage of annual energy usage is derived from renewable energy (clean fuels and technology)?",1. I don't know. 2. < 10%. 3. 10% - 19%. 4. 20% - 29%. 5. 30% - 39%. 6. > 39%.,S002,Q002,Mining
Australian Health Practitioner Regulation Agency (AHPRA),AU,"Goal 7. Ensure access to affordable, reliable, sustainable and modern energy for all","In your organization, what percentage of annual energy usage is derived from renewable energy (clean fuels and technology)?",1. I don't know. 2. < 10%. 3. 10% - 19%. 4. 20% - 29%. 5. 30% - 39%. 6. > 39%.,S002,Q002,Health Care And Social Assistance
Australian Healthcare and Hospitals Association (AHHA),AU,"Goal 7. Ensure access to affordable, reliable, sustainable and modern energy for all","In your organization, what percentage of annual energy usage is derived from renewable energy (clean fuels and technology)?",1. I don't know. 2. < 10%. 3. 10% - 19%. 4. 20% - 29%. 5. 30% - 39%. 6. > 39%.,S002,Q002,Health Care And Social Assistance
BHP,AU,"Goal 7. Ensure access to affordable, reliable, sustainable and modern energy for all","In your organization, what percentage of annual energy usage is derived from renewable energy (clean fuels and technology)?",1. I don't know. 2. < 10%. 3. 10% - 19%. 4. 20% - 29%. 5. 30% - 39%. 6. > 39%.,S002,Q002,Mining
Baxter Professional Australia (baxter),AU,"Goal 7. Ensure access to affordable, reliable, sustainable and modern energy for all","In your organization, what percentage of annual energy usage is derived from renewable energy (clean fuels and technology)?",1. I don't know. 2. < 10%. 3. 10% - 19%. 4. 20% - 29%. 5. 30% - 39%. 6. > 39%.,S002,Q002,Manufacturing
BossCap,AU,"Goal 7. Ensure access to affordable, reliable, sustainable and modern energy for all","In your organization, what percentage of annual energy usage is derived from renewable energy (clean fuels and technology)?",1. I don't know. 2. < 10%. 3. 10% - 19%. 4. 20% - 29%. 5. 30% - 39%. 6. > 39%.,S002,Q002,Manufacturing
Bravus Mining & Resources (adanienterprises),AU,"Goal 7. Ensure access to affordable, reliable, sustainable and modern energy for all","In your organization, what percentage of annual energy usage is derived from renewable energy (clean fuels and technology)?",1. I don't know. 2. < 10%. 3. 10% - 19%. 4. 20% - 29%. 5. 30% - 39%. 6. > 39%.,S002,Q002,Mining
Bupa Health Foundation (bupa),AU,"Goal 7. Ensure access to affordable, reliable, sustainable and modern energy for all","In your organization, what percentage of annual energy usage is derived from renewable energy (clean fuels and technology)?",1. I don't know. 2. < 10%. 3. 10% - 19%. 4. 20% - 29%. 5. 30% - 39%. 6. > 39%.,S002,Q002,Health Care And Social Assistance
Calix Limited (calix),AU,"Goal 7. Ensure access to affordable, reliable, sustainable and modern energy for all","In your organization, what percentage of annual energy usage is derived from renewable energy (clean fuels and technology)?",1. I don't know. 2. < 10%. 3. 10% - 19%. 4. 20% - 29%. 5. 30% - 39%. 6. > 39%.,S002,Q002,Manufacturing | Mining
Cleanaway,AU,"Goal 7. Ensure access to affordable, reliable, sustainable and modern energy for all","In your organization, what percentage of annual energy usage is derived from renewable energy (clean fuels and technology)?",1. I don't know. 2. < 10%. 3. 10% - 19%. 4. 20% - 29%. 5. 30% - 39%. 6. > 39%.,S002,Q002,Electricity Gas Water And Waste Services
Everhard Industries,AU,"Goal 7. Ensure access to affordable, reliable, sustainable and modern energy for all","In your organization, what percentage of annual energy usage is derived from renewable energy (clean fuels and technology)?",1. I don't know. 2. < 10%. 3. 10% - 19%. 4. 20% - 29%. 5. 30% - 39%. 6. > 39%.,S002,Q002,Manufacturing
Fortescue,AU,"Goal 7. Ensure access to affordable, reliable, sustainable and modern energy for all","In your organization, what percentage of annual energy usage is derived from renewable energy (clean fuels and technology)?",1. I don't know. 2. < 10%. 3. 10% - 19%. 4. 20% - 29%. 5. 30% - 39%. 6. > 39%.,S002,Q002,Mining
Foxtel (newscorp),AU,"Goal 7. Ensure access to affordable, reliable, sustainable and modern energy for all","In your organization, what percentage of annual energy usage is derived from renewable energy (clean fuels and technology)?",1. I don't know. 2. < 10%. 3. 10% - 19%. 4. 20% - 29%. 5. 30% - 39%. 6. > 39%.,S002,Q002,Information Media And Telecommunications
Fujitsu Australia (fujitsu),AU,"Goal 7. Ensure access to affordable, reliable, sustainable and modern energy for all","In your organization, what percentage of annual energy usage is derived from renewable energy (clean fuels and technology)?",1. I don't know. 2. < 10%. 3. 10% - 19%. 4. 20% - 29%. 5. 30% - 39%. 6. > 39%.,S002,Q002,Manufacturing
GHD Group (ghd),AU,"Goal 7. Ensure access to affordable, reliable, sustainable and modern energy for all","In your organization, what percentage of annual energy usage is derived from renewable energy (clean fuels and technology)?",1. I don't know. 2. < 10%. 3. 10% - 19%. 4. 20% - 29%. 5. 30% - 39%. 6. > 39%.,S002,Q002,Electricity Gas Water And Waste Services
Go Kindly,AU,"Goal 7. Ensure access to affordable, reliable, sustainable and modern energy for all","In your organization, what percentage of annual energy usage is derived from renewable energy (clean fuels and technology)?",1. I don't know. 2. < 10%. 3. 10% - 19%. 4. 20% - 29%. 5. 30% - 39%. 6. > 39%.,S002,Q002,Manufacturing
Healthscope,AU,"Goal 7. Ensure access to affordable, reliable, sustainable and modern energy for all","In your organization, what percentage of annual energy usage is derived from renewable energy (clean fuels and technology)?",1. I don't know. 2. < 10%. 3. 10% - 19%. 4. 20% - 29%. 5. 30% - 39%. 6. > 39%.,S002,Q002,Health Care And Social Assistance
Macquarie Media (macquarie),AU,"Goal 7. Ensure access to affordable, reliable, sustainable and modern energy for all","In your organization, what percentage of annual energy usage is derived from renewable energy (clean fuels and technology)?",1. I don't know. 2. < 10%. 3. 10% - 19%. 4. 20% - 29%. 5. 30% - 39%. 6. > 39%.,S002,Q002,Information Media And Telecommunications
Minerals Council of Australia (minerals),AU,"Goal 7. Ensure access to affordable, reliable, sustainable and modern energy for all","In your organization, what percentage of annual energy usage is derived from renewable energy (clean fuels and technology)?",1. I don't know. 2. < 10%. 3. 10% - 19%. 4. 20% - 29%. 5. 30% - 39%. 6. > 39%.,S002,Q002,Mining
National Disability Insurance Agency (NDIA),AU,"Goal 7. Ensure access to affordable, reliable, sustainable and modern energy for all","In your organization, what percentage of annual energy usage is derived from renewable energy (clean fuels and technology)?",1. I don't know. 2. < 10%. 3. 10% - 19%. 4. 20% - 29%. 5. 30% - 39%. 6. > 39%.,S002,Q002,Health Care And Social Assistance
News Corp Australia (newscorp),AU,"Goal 7. Ensure access to affordable, reliable, sustainable and modern energy for all","In your organization, what percentage of annual energy usage is derived from renewable energy (clean fuels and technology)?",1. I don't know. 2. < 10%. 3. 10% - 19%. 4. 20% - 29%. 5. 30% - 39%. 6. > 39%.,S002,Q002,Information Media And Telecommunications
Nine Entertainment Co. (nineforbrands),AU,"Goal 7. Ensure access to affordable, reliable, sustainable and modern energy for all","In your organization, what percentage of annual energy usage is derived from renewable energy (clean fuels and technology)?",1. I don't know. 2. < 10%. 3. 10% - 19%. 4. 20% - 29%. 5. 30% - 39%. 6. > 39%.,S002,Q002,Information Media And Telecommunications
Optus,AU,"Goal 7. Ensure access to affordable, reliable, sustainable and modern energy for all","In your organization, what percentage of annual energy usage is derived from renewable energy (clean fuels and technology)?",1. I don't know. 2. < 10%. 3. 10% - 19%. 4. 20% - 29%. 5. 30% - 39%. 6. > 39%.,S002,Q002,Information Media And Telecommunications
Orica,AU,"Goal 7. Ensure access to affordable, reliable, sustainable and modern energy for all","In your organization, what percentage of annual energy usage is derived from renewable energy (clean fuels and technology)?",1. I don't know. 2. < 10%. 3. 10% - 19%. 4. 20% - 29%. 5. 30% - 39%. 6. > 39%.,S002,Q002,Mining
Pacific Green,AU,"Goal 7. Ensure access to affordable, reliable, sustainable and modern energy for all","In your organization, what percentage of annual energy usage is derived from renewable energy (clean fuels and technology)?",1. I don't know. 2. < 10%. 3. 10% - 19%. 4. 20% - 29%. 5. 30% - 39%. 6. > 39%.,S002,Q002,Manufacturing
Private Healthcare Australia (PHA),AU,"Goal 7. Ensure access to affordable, reliable, sustainable and modern energy for all","In your organization, what percentage of annual energy usage is derived from renewable energy (clean fuels and technology)?",1. I don't know. 2. < 10%. 3. 10% - 19%. 4. 20% - 29%. 5. 30% - 39%. 6. > 39%.,S002,Q002,Health Care And Social Assistance
Purple House,AU,"Goal 7. Ensure access to affordable, reliable, sustainable and modern energy for all","In your organization, what percentage of annual energy usage is derived from renewable energy (clean fuels and technology)?",1. I don't know. 2. < 10%. 3. 10% - 19%. 4. 20% - 29%. 5. 30% - 39%. 6. > 39%.,S002,Q002,Health Care And Social Assistance
Rio Tinto (cdn-rio),AU,"Goal 7. Ensure access to affordable, reliable, sustainable and modern energy for all","In your organization, what percentage of annual energy usage is derived from renewable energy (clean fuels and technology)?",1. I don't know. 2. < 10%. 3. 10% - 19%. 4. 20% - 29%. 5. 30% - 39%. 6. > 39%.,S002,Q002,Mining
SA Water,AU,"Goal 7. Ensure access to affordable, reliable, sustainable and modern energy for all","In your organization, what percentage of annual energy usage is derived from renewable energy (clean fuels and technology)?",1. I don't know. 2. < 10%. 3. 10% - 19%. 4. 20% - 29%. 5. 30% - 39%. 6. > 39%.,S002,Q002,Electricity Gas Water And Waste Services
SBS (Special Broadcasting Service),AU,"Goal 7. Ensure access to affordable, reliable, sustainable and modern energy for all","In your organization, what percentage of annual energy usage is derived from renewable energy (clean fuels and technology)?",1. I don't know. 2. < 10%. 3. 10% - 19%. 4. 20% - 29%. 5. 30% - 39%. 6. > 39%.,S002,Q002,Information Media And Telecommunications
Sacred Heart Mission,AU,"Goal 7. Ensure access to affordable, reliable, sustainable and modern energy for all","In your organization, what percentage of annual energy usage is derived from renewable energy (clean fuels and technology)?",1. I don't know. 2. < 10%. 3. 10% - 19%. 4. 20% - 29%. 5. 30% - 39%. 6. > 39%.,S002,Q002,Health Care And Social Assistance
Seven West Media,AU,"Goal 7. Ensure access to affordable, reliable, sustainable and modern energy for all","In your organization, what percentage of annual energy usage is derived from renewable energy (clean fuels and technology)?",1. I don't know. 2. < 10%. 3. 10% - 19%. 4. 20% - 29%. 5. 30% - 39%. 6. > 39%.,S002,Q002,Information Media And Telecommunications
Southern Cross Austereo (aspecthuntley),AU,"Goal 7. Ensure access to affordable, reliable, sustainable and modern energy for all","In your organization, what percentage of annual energy usage is derived from renewable energy (clean fuels and technology)?",1. I don't know. 2. < 10%. 3. 10% - 19%. 4. 20% - 29%. 5. 30% - 39%. 6. > 39%.,S002,Q002,Information Media And Telecommunications
St John Ambulance Australia,AU,"Goal 7. Ensure access to affordable, reliable, sustainable and modern energy for all","In your organization, what percentage of annual energy usage is derived from renewable energy (clean fuels and technology)?",1. I don't know. 2. < 10%. 3. 10% - 19%. 4. 20% - 29%. 5. 30% - 39%. 6. > 39%.,S002,Q002,Health Care And Social Assistance
Suez Australia (Suez),AU,"Goal 7. Ensure access to affordable, reliable, sustainable and modern energy for all","In your organization, what percentage of annual energy usage is derived from renewable energy (clean fuels and technology)?",1. I don't know. 2. < 10%. 3. 10% - 19%. 4. 20% - 29%. 5. 30% - 39%. 6. > 39%.,S002,Q002,Electricity Gas Water And Waste Services
Sustainable Minerals Institute,AU,"Goal 7. Ensure access to affordable, reliable, sustainable and modern energy for all","In your organization, what percentage of annual energy usage is derived from renewable energy (clean fuels and technology)?",1. I don't know. 2. < 10%. 3. 10% - 19%. 4. 20% - 29%. 5. 30% - 39%. 6. > 39%.,S002,Q002,Mining
TFS Australia,AU,"Goal 7. Ensure access to affordable, reliable, sustainable and modern energy for all","In your organization, what percentage of annual energy usage is derived from renewable energy (clean fuels and technology)?",1. I don't know. 2. < 10%. 3. 10% - 19%. 4. 20% - 29%. 5. 30% - 39%. 6. > 39%.,S002,Q002,Manufacturing
Telstra,AU,"Goal 7. Ensure access to affordable, reliable, sustainable and modern energy for all","In your organization, what percentage of annual energy usage is derived from renewable energy (clean fuels and technology)?",1. I don't know. 2. < 10%. 3. 10% - 19%. 4. 20% - 29%. 5. 30% - 39%. 6. > 39%.,S002,Q002,Information Media And Telecommunications
The Environmental Group Ltd (environmental),AU,"Goal 7. Ensure access to affordable, reliable, sustainable and modern energy for all","In your organization, what percentage of annual energy usage is derived from renewable energy (clean fuels and technology)?",1. I don't know. 2. < 10%. 3. 10% - 19%. 4. 20% - 29%. 5. 30% - 39%. 6. > 39%.,S002,Q002,Electricity Gas Water And Waste Services
Veolia Australia and New Zealand (veolia),AU,"Goal 7. Ensure access to affordable, reliable, sustainable and modern energy for all","In your organization, what percentage of annual energy usage is derived from renewable energy (clean fuels and technology)?",1. I don't know. 2. < 10%. 3. 10% - 19%. 4. 20% - 29%. 5. 30% - 39%. 6. > 39%.,S002,Q002,Electricity Gas Water And Waste Services | Manufacturing | Mining
Visy Industries (Visy),AU,"Goal 7. Ensure access to affordable, reliable, sustainable and modern energy for all","In your organization, what percentage of annual energy usage is derived from renewable energy (clean fuels and technology)?",1. I don't know. 2. < 10%. 3. 10% - 19%. 4. 20% - 29%. 5. 30% - 39%. 6. > 39%.,S002,Q002,Manufacturing
Western Treatment Plant (Melbourne Water),AU,"Goal 7. Ensure access to affordable, reliable, sustainable and modern energy for all","In your organization, what percentage of annual energy usage is derived from renewable energy (clean fuels and technology)?",1. I don't know. 2. < 10%. 3. 10% - 19%. 4. 20% - 29%. 5. 30% - 39%. 6. > 39%.,S002,Q002,Electricity Gas Water And Waste Services
Yarra Valley Water(yvw),AU,"Goal 7. Ensure access to affordable, reliable, sustainable and modern energy for all","In your organization, what percentage of annual energy usage is derived from renewable energy (clean fuels and technology)?",1. I don't know. 2. < 10%. 3. 10% - 19%. 4. 20% - 29%. 5. 30% - 39%. 6. > 39%.,S002,Q002,Electricity Gas Water And Waste Services
